{
	"language":"zh-hans",
	"title":"OpwnWrt路由器自动翻墙、科学上网教程",
	"description":"史上最详细的路由器科学上网、翻墙教程，OpenWrt，shadowsocks",
	"author":"fanqiang.software-download.name",
	"links" : {
        "sidebar" : {
            "翻墙教程 Github" : "https://github.com/softwaredownload/openwrt-fanqiang"
        }
    },
    
	"plugins": [
		"search",
		"splitter",
		"page-footer-ex",
        "sitemap-general",       
        "anchors",
        "expandable-chapters",
        "neo-navigator"
    ],
    
	"pluginsConfig": {
		"page-footer-ex": {
			"copyright": "版权所有，转载请注明出处： [https://fanqiang.software-download.name](https://fanqiang.software-download.name)",
			"markdown": true,
			"update_label": "",
			"update_format": "YYYY-MM-DD"
		},
		"sitemap-general": {
		    "prefix": "https://fanqiang.softwaredownload.name/"
		},
        "page-toc" : {
            "selector": ".markdown-section h1, .markdown-section h2",
            "position": "before-first",
            "showByDefault": true	    
        }		                 
	}
}