<?xml version="1.0" encoding="UTF-8"?><?xml-stylesheet type='text/xsl' href='_UpgradeReport_Files/UpgradeReport.xslt'?><UpgradeLog>
<Properties><Property Name="Solution" Value="ListView_TreeView">
</Property><Property Name="解决方案文件" Value="D:\微软讲义\VS2005系列\03_05常用控件\资料\源码\ListView_TreeView\ListView_TreeView.sln">
</Property><Property Name="Date" Value="2007年5月31日">
</Property><Property Name="Time" Value="23:26">
</Property></Properties><Event ErrorLevel="0" Project="ListView_TreeView" Source="ListView_TreeView.csproj" Description="项目已成功转换">
</Event><Event ErrorLevel="3" Project="ListView_TreeView" Source="ListView_TreeView.csproj" Description="Converted">
</Event><Event ErrorLevel="0" Project="" Source="ListView_TreeView.sln" Description="成功转换解决方案">
</Event><Event ErrorLevel="3" Project="" Source="ListView_TreeView.sln" Description="Converted">
</Event><Event ErrorLevel="0" Project="ListView_TreeView" Source="ListView_TreeView.csproj" Description="扫描完成: 项目文件不需要升级。">
</Event></UpgradeLog>